ID,time,x,y
PET-C,2011-12-14 19:54,1098758.833,-7829086.961
PET-C,2011-12-14 20:24,1085341.896,-7798888.412
PET-C,2011-12-14 20:54,1068499.458,-7771681.694
PET-C,2011-12-14 21:24,1051678.87,-7744494.065
PET-C,2011-12-14 21:54,1036661.553,-7720785.691
PET-C,2011-12-14 22:24,1027830.299,-7709081.408
PET-C,2011-12-14 22:54,1019004.487,-7697380.17
PET-C,2011-12-14 23:24,1009416.888,-7686541.72
PET-C,2011-12-14 23:54,997505.8395,-7678313.98
PET-C,2011-12-15 0:24,985600.8684,-7670085.352
PET-C,2011-12-15 0:54,975795.5883,-7661994.87
PET-C,2011-12-15 1:24,969041.7902,-7654107.328
PET-C,2011-12-15 1:54,962290.9762,-7646220.901
PET-C,2011-12-15 2:24,952540.1128,-7635539.984
PET-C,2011-12-15 2:54,938993.261,-7621319.325
PET-C,2011-12-15 3:24,925457.6129,-7607101.362
PET-C,2011-12-15 3:54,912989.6925,-7589738.783
PET-C,2011-12-15 4:24,901956.7205,-7568147.308
PET-C,2011-12-15 4:54,890936.2934,-7546568.609
PET-C,2011-12-15 5:24,878909.5037,-7524502.23
PET-C,2011-12-15 5:54,865764.4302,-7501892.101
PET-C,2011-12-15 6:24,852636.1281,-7479295.189
PET-C,2011-12-15 6:54,843338.4473,-7457165.379
PET-C,2011-12-15 7:24,836694.1108,-7435364.78
PET-C,2011-12-15 7:54,830057.112,-7413579.101
PET-C,2011-12-15 8:24,823017.1166,-7392961.725
PET-C,2011-12-15 8:54,815667.5751,-7373248.983
PET-C,2011-12-15 9:24,808326.105,-7353548.293
PET-C,2011-12-15 9:54,802807.0434,-7337541.31
PET-C,2011-12-15 10:24,798312.8125,-7323612.52
PET-C,2011-12-15 10:54,793822.0691,-7309689.973
PET-C,2011-12-15 11:24,787703.5789,-7290756.612
PET-C,2011-12-15 11:54,780739.8987,-7269213.685
PET-C,2011-12-15 12:24,773784.8766,-7247685.91
PET-C,2011-12-15 12:54,769386.3121,-7223061.651
PET-C,2011-12-15 13:24,766209.3974,-7196972.878
PET-C,2011-12-15 13:54,763035.952,-7170907.991
PET-C,2011-12-15 14:24,760184.507,-7154475.416
PET-C,2011-12-15 14:54,757495.5681,-7142891.046
PET-C,2011-12-15 15:24,754808.4186,-7131311.388
PET-C,2011-12-15 15:54,751561.287,-7113165.516
PET-C,2011-12-15 16:24,748153.4523,-7093113.152
PET-C,2011-12-15 16:54,744749.3026,-7073075.33
PET-C,2011-12-15 17:24,742334.0558,-7047397.301
PET-C,2011-12-15 17:54,740080.0219,-7020832.554
PET-C,2011-12-15 18:24,737828.2475,-6994294.135
PET-C,2011-12-15 18:54,733753.2188,-6974544.405
PET-C,2011-12-15 19:24,729495.2081,-6955504.872
PET-C,2011-12-15 19:54,725242.3158,-6936478.876
PET-C,2011-12-15 20:24,724964.0134,-6923183.001
PET-C,2011-12-15 20:54,725328.5399,-6910819.81
PET-C,2011-12-15 21:24,725692.2724,-6898462.471
PET-C,2011-12-15 21:54,724901.6695,-6885249.897
PET-C,2011-12-15 22:24,723944.9919,-6871919.938
PET-C,2011-12-15 22:54,722988.7933,-6858596.946
PET-C,2011-12-15 23:24,722527.9835,-6838412.536
PET-C,2011-12-15 23:54,722109.6838,-6817647.544
PET-C,2011-12-16 0:24,721690.8252,-6796899.711
PET-C,2011-12-16 0:54,724010.3428,-6777600.962
PET-C,2011-12-16 1:24,726477.6999,-6758396.404
PET-C,2011-12-16 1:54,728940.1487,-6739206.247
PET-C,2011-12-16 2:24,733185.0888,-6723157.892
PET-C,2011-12-16 2:54,737439.7499,-6707146.957
PET-C,2011-12-16 3:24,741493.1375,-6691693.376
PET-C,2011-12-16 3:54,741751.1789,-6686905.354
PET-C,2011-12-16 4:24,742009.0458,-6682118.272
PET-C,2011-12-16 4:54,742266.7378,-6677332.13
PET-C,2011-12-16 5:24,742170.8216,-6675740.859
PET-C,2011-12-16 5:54,742073.7276,-6674160.376
PET-C,2011-12-16 6:24,741999.2488,-6672136.578
PET-C,2011-12-16 6:54,742232.8429,-6664068.617
PET-C,2011-12-16 7:24,742466.0727,-6656003.358
PET-C,2011-12-16 7:54,742639.0422,-6649052.853
PET-C,2011-12-16 8:24,742527.3123,-6647386.648
PET-C,2011-12-16 8:54,742415.5884,-6645720.56
PET-C,2011-12-16 9:24,742026.4313,-6643709.812
PET-C,2011-12-16 9:54,740787.6017,-6640643.209
PET-C,2011-12-16 10:24,739549.0668,-6637576.96
PET-C,2011-12-16 10:54,738533.5405,-6634909.369
PET-C,2011-12-16 11:24,737981.8959,-6633071.33
PET-C,2011-12-16 11:54,737430.3279,-6631233.427
PET-C,2011-12-16 12:24,735994.2576,-6626750.9
PET-C,2011-12-16 12:54,732872.0345,-6617224.865
PET-C,2011-12-16 13:24,729752.0807,-6607702.442
PET-C,2011-12-16 13:54,727650.2819,-6601200.798
PET-C,2011-12-16 14:24,727250.407,-6599752.862
PET-C,2011-12-16 14:54,726850.5758,-6598305.011
PET-C,2011-12-16 15:24,726050.8781,-6593732.916
PET-C,2011-12-16 15:54,724836.3546,-6585918.146
PET-C,2011-12-16 16:24,723622.4652,-6578105.982
PET-C,2011-12-16 16:54,721432.2427,-6567198.904
PET-C,2011-12-16 17:24,718500.6772,-6553940.214
PET-C,2011-12-16 17:54,715571.985,-6540688.968
PET-C,2011-12-16 18:24,715072.3591,-6535793.871
PET-C,2011-12-16 18:54,715798.4438,-6535116.25
PET-C,2011-12-16 19:24,716524.4868,-6534438.623
PET-C,2011-12-16 19:54,715658.8655,-6529379.556
PET-C,2011-12-16 20:24,714328.7608,-6523041.868
PET-C,2011-12-16 20:54,712999.2824,-6516705.902
PET-C,2011-12-16 21:24,711025.1079,-6509535.376
PET-C,2011-12-16 21:54,708914.1594,-6502188.3
PET-C,2011-12-16 22:24,706804.4346,-6494843.483
PET-C,2011-12-16 22:54,706188.1829,-6492234.936
PET-C,2011-12-16 23:24,705856.3058,-6490528.403
PET-C,2011-12-16 23:54,705524.4707,-6488821.997
PET-C,2011-12-17 0:24,702934.3131,-6487313.164
PET-C,2011-12-17 0:54,699914.3718,-6485841.689
PET-C,2011-12-17 1:24,696894.8402,-6484369.931
PET-C,2011-12-17 1:54,698050.6008,-6485396.203
PET-C,2011-12-17 2:24,699611.061,-6486664.505
PET-C,2011-12-17 2:54,701171.6983,-6487932.782
PET-C,2011-12-17 3:24,701809.6173,-6487415.454
PET-C,2011-12-17 3:54,702409.6107,-6486824.801
PET-C,2011-12-17 4:24,703009.5735,-6486234.146
PET-C,2011-12-17 4:54,702453.8621,-6480793.166
PET-C,2011-12-17 5:24,701891.8867,-6475326.407
PET-C,2011-12-17 5:54,701324.0505,-6469931.459
PET-C,2011-12-17 6:24,700503.0348,-6467487.568
PET-C,2011-12-17 6:54,699682.1833,-6465043.923
PET-C,2011-12-17 7:24,698973.5988,-6462688.495
PET-C,2011-12-17 7:54,700093.1921,-6461767.776
PET-C,2011-12-17 8:24,701212.6943,-6460847.034
PET-C,2011-12-17 8:54,702205.7145,-6459804.507
PET-C,2011-12-17 9:24,701885.2031,-6457496.705
PET-C,2011-12-17 9:54,701564.7436,-6455189.139
PET-C,2011-12-17 10:24,701358.5308,-6453043.341
PET-C,2011-12-17 10:54,702495.9412,-6452798.2
PET-C,2011-12-17 11:24,703633.33,-6452553.003
PET-C,2011-12-17 11:54,704508.8592,-6452365.271
PET-C,2011-12-17 12:24,704680.4221,-6452332.172
PET-C,2011-12-17 12:54,704851.9847,-6452299.069
PET-C,2011-12-17 13:24,705714.8441,-6452373.656
PET-C,2011-12-17 13:54,707636.5627,-6452613.072
PET-C,2011-12-17 14:24,709558.3315,-6452852.328
PET-C,2011-12-17 14:54,710881.5007,-6453597.146
PET-C,2011-12-17 15:24,711218.6995,-6455174.94
PET-C,2011-12-17 15:54,711555.9395,-6456752.843
PET-C,2011-12-17 16:24,710329.5651,-6458985.611
PET-C,2011-12-17 16:54,706081.98,-6462482.911
PET-C,2011-12-17 17:24,701833.0918,-6465979.87
PET-C,2011-12-17 17:54,698569.3494,-6468908.217
PET-C,2011-12-17 18:24,697238.9891,-6470722.37
PET-C,2011-12-17 18:54,695908.4103,-6472536.577
PET-C,2011-12-17 19:24,696766.1574,-6472808.758
PET-C,2011-12-17 19:54,701561.1585,-6470305.625
PET-C,2011-12-17 20:24,706355.1415,-6467801.686
PET-C,2011-12-17 20:54,709058.7438,-6467254.665
PET-C,2011-12-17 21:24,709442.5056,-6468880.981
PET-C,2011-12-17 21:54,709826.3165,-6470507.411
PET-C,2011-12-17 22:24,711376.1267,-6475718.013
PET-C,2011-12-17 22:54,713989.2825,-6484195.389
PET-C,2011-12-17 23:24,716604.2089,-6492675.76
PET-C,2011-12-17 23:54,718010.6236,-6495661.49
PET-C,2011-12-18 0:24,718388.7201,-6493975.289
PET-C,2011-12-18 0:54,718766.7531,-6492289.203
PET-C,2011-12-18 1:24,718656.388,-6493084.302
PET-C,2011-12-18 1:54,718267.924,-6495292.088
PET-C,2011-12-18 2:24,717879.371,-6497500.076
PET-C,2011-12-18 2:54,717856.6053,-6498241.899
PET-C,2011-12-18 3:24,718054.3898,-6498099.759
PET-C,2011-12-18 3:54,718252.1718,-6497957.617
PET-C,2011-12-18 4:24,718282.5539,-6497873.539
PET-C,2011-12-18 4:54,718248.1959,-6497811.917
PET-C,2011-12-18 5:24,718213.8378,-6497750.295
PET-C,2011-12-18 5:54,718827.899,-6497857.233
PET-C,2011-12-18 6:24,719448.1494,-6497965.763
PET-C,2011-12-18 6:54,720029.1061,-6498075.82
PET-C,2011-12-18 7:24,719797.0639,-6498217.784
PET-C,2011-12-18 7:54,719565.0193,-6498359.747
PET-C,2011-12-18 8:24,719453.4768,-6498519.454
PET-C,2011-12-18 8:54,721327.3824,-6498971.465
PET-C,2011-12-18 9:24,723201.373,-6499423.335
PET-C,2011-12-18 9:54,724887.9351,-6499862.868
PET-C,2011-12-18 10:24,725621.7859,-6500240.364
PET-C,2011-12-18 10:54,726355.6622,-6500617.844
PET-C,2011-12-18 11:24,726964.7549,-6500864.492
PET-C,2011-12-18 11:54,727141.2028,-6500657.658
PET-C,2011-12-18 12:24,727317.6473,-6500450.824
PET-C,2011-12-18 12:54,725950.9147,-6499968.849
PET-C,2011-12-18 13:24,721254.5064,-6498892.564
PET-C,2011-12-18 13:54,716558.6043,-6497815.391
PET-C,2011-12-18 14:24,710575.3296,-6496230.025
PET-C,2011-12-18 14:54,702436.8578,-6493793.104
PET-C,2011-12-18 15:24,694300.2941,-6491353.638
PET-C,2011-12-18 15:54,688874.8101,-6488168.405
PET-C,2011-12-18 16:24,687599.7077,-6483844.596
PET-C,2011-12-18 16:54,686325.0495,-6479521.569
PET-C,2011-12-18 17:24,688413.3539,-6475182.695
PET-C,2011-12-18 17:54,694563.9927,-6470823.234
PET-C,2011-12-18 18:24,700712.3047,-6466462.801
PET-C,2011-12-18 18:54,704436.6283,-6460338.915
PET-C,2011-12-18 19:24,705278.4944,-6452119.937
PET-C,2011-12-18 19:54,706119.5627,-6443903.898
PET-C,2011-12-18 20:24,708570.7626,-6436499.935
PET-C,2011-12-18 20:54,713918.4358,-6430552.937
PET-C,2011-12-18 21:24,719263.2396,-6424606.064
PET-C,2011-12-18 21:54,729784.568,-6426223.562
PET-C,2011-12-18 22:24,747184.1493,-6437863.666
PET-C,2011-12-18 22:54,764602.4035,-6449497.602
PET-C,2011-12-18 23:24,778796.8257,-6458760.114
PET-C,2011-12-18 23:54,787570.1989,-6464058.5
PET-C,2011-12-19 0:24,796347.8851,-6469355.071
PET-C,2011-12-19 0:54,801782.6167,-6472585.438
PET-C,2011-12-19 1:24,802346.1474,-6472810.202
PET-C,2011-12-19 1:54,802909.6903,-6473034.955
PET-C,2011-12-19 2:24,803721.2891,-6473009.213
PET-C,2011-12-19 2:54,804873.8462,-6472639.096
PET-C,2011-12-19 3:24,806026.3704,-6472268.921
PET-C,2011-12-19 3:54,807169.9913,-6471731.323
PET-C,2011-12-19 4:24,808303.6828,-6471007.453
PET-C,2011-12-19 4:54,809437.3046,-6470283.543
PET-C,2011-12-19 5:24,810472.0918,-6469446.841
PET-C,2011-12-19 5:54,811429.3764,-6468521.729
PET-C,2011-12-19 6:24,812386.5829,-6467596.608
PET-C,2011-12-19 6:54,813199.2881,-6466695.493
PET-C,2011-12-19 7:24,813889.1811,-6465814.793
PET-C,2011-12-19 7:54,814579.019,-6464934.102
PET-C,2011-12-19 8:24,815217.2039,-6464103.659
PET-C,2011-12-19 8:54,815832.3409,-6463295.62
PET-C,2011-12-19 9:24,816447.4324,-6462487.589
PET-C,2011-12-19 9:54,816991.9507,-6461746.891
PET-C,2011-12-19 10:24,817503.3288,-6461037.803
PET-C,2011-12-19 10:54,818014.6737,-6460328.721
PET-C,2011-12-19 11:24,818627.6999,-6459653.728
PET-C,2011-12-19 11:54,819294.6592,-6458996.814
PET-C,2011-12-19 12:24,819961.5796,-6458339.898
PET-C,2011-12-19 12:54,820650.176,-6457583.818
PET-C,2011-12-19 13:24,821350.502,-6456773.955
PET-C,2011-12-19 13:54,822050.7768,-6455964.095
PET-C,2011-12-19 14:24,822710.728,-6455044.705
PET-C,2011-12-19 14:54,823360.971,-6454099.077
PET-C,2011-12-19 15:24,824011.1572,-6453153.464
PET-C,2011-12-19 15:54,826723.2017,-6454672.141
PET-C,2011-12-19 16:24,829605.554,-6456393.642
PET-C,2011-12-19 16:54,832423.3384,-6458042.946
PET-C,2011-12-19 17:24,833216.0242,-6457449.814
PET-C,2011-12-19 17:54,834008.6693,-6456856.666
PET-C,2011-12-19 18:24,834815.5582,-6456277.803
PET-C,2011-12-19 18:54,836084.281,-6456161.383
PET-C,2011-12-19 19:24,837352.9977,-6456044.892
PET-C,2011-12-19 19:54,838578.3957,-6456009.858
PET-C,2011-12-19 20:24,838075.1197,-6459228.794
PET-C,2011-12-19 20:54,837571.6544,-6462448.163
PET-C,2011-12-19 21:24,837066.4695,-6465660.186
PET-C,2011-12-19 21:54,836103.5817,-6466545.694
PET-C,2011-12-19 22:24,835140.619,-6467431.188
PET-C,2011-12-19 22:54,834179.9888,-6468303.432
PET-C,2011-12-19 23:24,833550.2915,-6467356.238
PET-C,2011-12-19 23:54,832920.6448,-6466409.072
PET-C,2011-12-20 0:24,832402.7971,-6465596.141
PET-C,2011-12-20 0:54,833726.1931,-6466994.394
PET-C,2011-12-20 1:24,835049.7523,-6468392.672
PET-C,2011-12-20 1:54,836418.3949,-6469740.836
PET-C,2011-12-20 2:24,838226.4437,-6470598.673
PET-C,2011-12-20 2:54,840034.6413,-6471456.411
PET-C,2011-12-20 3:24,841685.4701,-6472230.949
PET-C,2011-12-20 3:54,841765.0334,-6472176.452
PET-C,2011-12-20 4:24,841844.5963,-6472121.955
PET-C,2011-12-20 4:54,841992.121,-6472064.177
PET-C,2011-12-20 5:24,842542.1896,-6471986.96
PET-C,2011-12-20 5:54,843092.2558,-6471909.729
PET-C,2011-12-20 6:24,843704.1487,-6471753.494
PET-C,2011-12-20 6:54,844463.394,-6471408.972
PET-C,2011-12-20 7:24,845222.6181,-6471064.427
PET-C,2011-12-20 7:54,845930.3947,-6470695.576
PET-C,2011-12-20 8:24,846547.1639,-6470283.753
PET-C,2011-12-20 8:54,847163.9118,-6469871.916
PET-C,2011-12-20 9:24,847788.5238,-6469404.408
PET-C,2011-12-20 9:54,848424.1989,-6468858.606
PET-C,2011-12-20 10:24,849059.8438,-6468312.797
PET-C,2011-12-20 10:54,849425.7203,-6467536.819
PET-C,2011-12-20 11:24,849562.8263,-6466565.683
PET-C,2011-12-20 11:54,849699.916,-6465594.588
PET-C,2011-12-20 12:24,849636.6629,-6464741.829
PET-C,2011-12-20 12:54,849428.0203,-6463974.957
PET-C,2011-12-20 13:24,849219.3892,-6463208.112
PET-C,2011-12-20 13:54,848999.9025,-6462768.315
PET-C,2011-12-20 14:24,848773.3924,-6462540.055
PET-C,2011-12-20 14:54,848546.8867,-6462311.797
PET-C,2011-12-20 15:24,848303.4439,-6462017.314
PET-C,2011-12-20 15:54,848047.4,-6461673.552
PET-C,2011-12-20 16:24,847791.3638,-6461329.791
PET-C,2011-12-20 16:54,847948.6108,-6461169.704
PET-C,2011-12-20 17:24,848322.4689,-6461105.879
PET-C,2011-12-20 17:54,848696.3256,-6461042.047
PET-C,2011-12-20 18:24,848772.8695,-6461233.244
PET-C,2011-12-20 18:54,848684.9787,-6461565.497
PET-C,2011-12-20 19:24,848597.0847,-6461897.754
PET-C,2011-12-20 19:54,847016.2543,-6462313.075
PET-C,2011-12-20 20:24,844818.975,-6462762.508
PET-C,2011-12-20 20:54,842621.6292,-6463211.728
PET-C,2011-12-20 21:24,840890.634,-6463750.332
PET-C,2011-12-20 21:54,839346.4997,-6464324.731
PET-C,2011-12-20 22:24,837802.2959,-6464899.03
PET-C,2011-12-20 22:54,837695.8387,-6465915.561
PET-C,2011-12-20 23:24,838084.4243,-6467084.417
PET-C,2011-12-20 23:54,838473.0447,-6468253.33
PET-C,2011-12-21 0:24,838237.202,-6469218.68
PET-C,2011-12-21 0:54,837960.6864,-6470170.811
PET-C,2011-12-21 1:24,837684.1438,-6471122.976
PET-C,2011-12-21 1:54,837080.8365,-6470221.622
PET-C,2011-12-21 2:24,836451.9357,-6469174.818
PET-C,2011-12-21 2:54,835841.8878,-6468145.803
PET-C,2011-12-21 3:24,836127.5444,-6467962.711
PET-C,2011-12-21 3:54,836413.1965,-6467779.615
PET-C,2011-12-21 4:24,836710.2013,-6467592.251
PET-C,2011-12-21 4:54,837095.563,-6467371.698
PET-C,2011-12-21 5:24,837480.9176,-6467151.139
PET-C,2011-12-21 5:54,837879.5119,-6466948.373
PET-C,2011-12-21 6:24,838388.3993,-6466893.789
PET-C,2011-12-21 6:54,838897.2856,-6466839.194
PET-C,2011-12-21 7:24,839440.3879,-6466811.155
PET-C,2011-12-21 7:54,840117.1002,-6466886.841
PET-C,2011-12-21 8:24,840793.8191,-6466962.507
PET-C,2011-12-21 8:54,841525.8827,-6467013.857
PET-C,2011-12-21 9:24,842357.7666,-6467021.353
PET-C,2011-12-21 9:54,843189.6542,-6467028.818
PET-C,2011-12-21 10:24,844068.5909,-6467027.408
PET-C,2011-12-21 10:54,844998.4969,-6467016.379
PET-C,2011-12-21 11:24,845928.4059,-6467005.312
PET-C,2011-12-21 11:54,846873.4418,-6467002.018
PET-C,2011-12-21 12:24,847830.2317,-6467004.752
PET-C,2011-12-21 12:54,848787.0261,-6467007.446
PET-C,2011-12-21 13:24,849724.8479,-6467717.033
PET-C,2011-12-21 13:54,850654.8843,-6468719.284
PET-C,2011-12-21 14:24,851585.0025,-6469721.551
PET-C,2011-12-21 14:54,851772.7646,-6473165.736
PET-C,2011-12-21 15:24,851846.2705,-6476986.204
PET-C,2011-12-21 15:54,851919.7332,-6480807.319
PET-C,2011-12-21 16:24,852090.8251,-6482180.966
PET-C,2011-12-21 16:54,852275.035,-6483226.122
PET-C,2011-12-21 17:24,852459.2569,-6484271.326
PET-C,2011-12-21 17:54,852869.9169,-6483835.999
PET-C,2011-12-21 18:24,853303.5582,-6483250.265
PET-C,2011-12-21 18:54,853737.1763,-6482664.535
PET-C,2011-12-21 19:24,852820.4382,-6481089.724
PET-C,2011-12-21 19:54,851877.0465,-6479495.384
PET-C,2011-12-21 20:24,850933.7799,-6477901.131
PET-C,2011-12-21 20:54,845035.4528,-6480845.005
PET-C,2011-12-21 21:24,839023.0321,-6483890.678
PET-C,2011-12-21 21:54,833166.2691,-6486898.471
PET-C,2011-12-21 22:24,833170.2055,-6488543.136
PET-C,2011-12-21 22:54,833174.1304,-6490187.921
PET-C,2011-12-21 23:24,833160.9282,-6491810.172
PET-C,2011-12-21 23:54,832736.9208,-6492888.802
PET-C,2011-12-22 0:24,832312.8689,-6493967.472
PET-C,2011-12-22 0:54,831926.7436,-6495091.739
PET-C,2011-12-22 1:24,831977.2628,-6496740.017
PET-C,2011-12-22 1:54,832027.7776,-6498388.414
PET-C,2011-12-22 2:24,832108.4562,-6499841.967
PET-C,2011-12-22 2:54,832467.4992,-6499496.599
PET-C,2011-12-22 3:24,832826.5313,-6499151.23
PET-C,2011-12-22 3:54,833306.037,-6499106.948
PET-C,2011-12-22 4:24,834160.2367,-6499998.938
PET-C,2011-12-22 4:54,835014.503,-6500890.937
PET-C,2011-12-22 5:24,835767.5025,-6501424.301
PET-C,2011-12-22 5:54,836310.057,-6501212.778
PET-C,2011-12-22 6:24,836852.6026,-6501001.245
PET-C,2011-12-22 6:54,837308.8436,-6500689.98
PET-C,2011-12-22 7:24,837661.4756,-6500259
PET-C,2011-12-22 7:54,838014.0939,-6499828.02
PET-C,2011-12-22 8:24,838209.7413,-6499394.172
PET-C,2011-12-22 8:54,838243.1058,-6498957.363
PET-C,2011-12-22 9:24,838276.4682,-6498520.561
PET-C,2011-12-22 9:54,838197.4479,-6498172.946
PET-C,2011-12-22 10:24,838016.2987,-6497906.379
PET-C,2011-12-22 10:54,837835.1535,-6497639.815
PET-C,2011-12-22 11:24,837623.2105,-6497533.704
PET-C,2011-12-22 11:54,837385.2633,-6497563.055
PET-C,2011-12-22 12:24,837147.3158,-6497592.403
PET-C,2011-12-22 12:54,836937.0833,-6497745.328
PET-C,2011-12-22 13:24,836745.6692,-6497982.173
PET-C,2011-12-22 13:54,836554.2511,-6498219.019
PET-C,2011-12-22 14:24,836375.7857,-6498589.602
PET-C,2011-12-22 14:54,836203.1196,-6499020.119
PET-C,2011-12-22 15:24,836030.4463,-6499450.642
PET-C,2011-12-22 15:54,836026.4293,-6500060.722
PET-C,2011-12-22 16:24,836060.98,-6500711.875
PET-C,2011-12-22 16:54,836095.5306,-6501363.049
PET-C,2011-12-22 17:24,836523.8142,-6501752.32
PET-C,2011-12-22 17:54,836992.6436,-6502114.627
PET-C,2011-12-22 18:24,837435.7379,-6502480.749
PET-C,2011-12-22 18:54,836456.1085,-6503057.823
PET-C,2011-12-22 19:24,835476.4324,-6503634.864
PET-C,2011-12-22 19:54,834888.2642,-6503856.051
PET-C,2011-12-22 20:24,836355.6135,-6502209.171
PET-C,2011-12-22 20:54,837822.7486,-6500562.293
PET-C,2011-12-22 21:24,837668.2238,-6500034.452
PET-C,2011-12-22 21:54,828557.9374,-6505684.081
PET-C,2011-12-22 22:24,819443.3634,-6511331.022
PET-C,2011-12-22 22:54,812621.2915,-6516072.104
PET-C,2011-12-22 23:24,821632.6214,-6514582.811
PET-C,2011-12-22 23:54,830643.1134,-6513089.951
PET-C,2011-12-23 0:24,838674.3818,-6511439.45
PET-C,2011-12-23 0:54,841589.5475,-6508981.799
PET-C,2011-12-23 1:24,844504.0972,-6506523.976
PET-C,2011-12-23 1:54,846785.157,-6504646.632
PET-C,2011-12-23 2:24,846603.2633,-6505028.718
PET-C,2011-12-23 2:54,846421.3631,-6505410.809
PET-C,2011-12-23 3:24,846349.1587,-6505859.315
PET-C,2011-12-23 3:54,846460.6619,-6506419.042
PET-C,2011-12-23 4:24,846572.169,-6506978.784
PET-C,2011-12-23 4:54,846817.3418,-6507545.609
PET-C,2011-12-23 5:24,847212.9183,-6508120.402
PET-C,2011-12-23 5:54,847608.514,-6508695.204
PET-C,2011-12-23 6:24,848048.403,-6509221.157
PET-C,2011-12-23 6:54,848525.4406,-6509706.141
PET-C,2011-12-23 7:24,849002.4984,-6510191.128
PET-C,2011-12-23 7:54,849497.972,-6510554.192
PET-C,2011-12-23 8:24,849999.025,-6510880.371
PET-C,2011-12-23 8:54,850500.093,-6511206.547
PET-C,2011-12-23 9:24,851079.4046,-6511425.294
PET-C,2011-12-23 9:54,851673.1389,-6511624.239
PET-C,2011-12-23 10:24,852266.885,-6511823.172
PET-C,2011-12-23 10:54,852826.1725,-6511962.672
PET-C,2011-12-23 11:24,853383.2896,-6512098.405
PET-C,2011-12-23 11:54,853940.4146,-6512234.125
PET-C,2011-12-23 12:24,854306.5488,-6512376.505
PET-C,2011-12-23 12:54,854672.4757,-6512518.886
PET-C,2011-12-23 13:24,854767.0088,-6512662.893
PET-C,2011-12-23 13:54,853436.6936,-6512815.412
PET-C,2011-12-23 14:24,852106.369,-6512967.851
PET-C,2011-12-23 14:54,851455.7327,-6513125.396
PET-C,2011-12-23 15:24,852124.5148,-6513292.964
PET-C,2011-12-23 15:54,852793.3086,-6513460.514
PET-C,2011-12-23 16:24,853428.8476,-6513690.223
PET-C,2011-12-23 16:54,853985.5349,-6514067.327
PET-C,2011-12-23 17:24,854542.2414,-6514444.426
PET-C,2011-12-23 17:54,855225.6205,-6514768.464
PET-C,2011-12-23 18:24,856076.9102,-6515022.155
PET-C,2011-12-23 18:54,856928.2219,-6515275.817
PET-C,2011-12-23 19:24,857554.5651,-6515734.225
PET-C,2011-12-23 19:54,857875.1415,-6516470.946
PET-C,2011-12-23 20:24,858195.7365,-6517207.689
PET-C,2011-12-23 20:54,857227.8336,-6516230.969
PET-C,2011-12-23 21:24,854624.2049,-6513078.519
PET-C,2011-12-23 21:54,852021.2788,-6509926.285
PET-C,2011-12-23 22:24,850961.8813,-6507970.287
PET-C,2011-12-23 22:54,851669.8152,-6507384.276
PET-C,2011-12-23 23:24,852377.7134,-6506798.254
PET-C,2011-12-23 23:54,853419.4574,-6505699.328
PET-C,2011-12-24 0:24,854807.7793,-6504067.767
PET-C,2011-12-24 0:54,856195.8992,-6502436.216
PET-C,2011-12-24 1:24,857021.3982,-6501440.892
PET-C,2011-12-24 1:54,857464.0155,-6500878.628
PET-C,2011-12-24 2:24,857906.6104,-6500316.366
PET-C,2011-12-24 2:54,858504.85,-6499971.642
PET-C,2011-12-24 3:24,859202.1375,-6499765.335
PET-C,2011-12-24 3:54,859899.4145,-6499559.005
PET-C,2011-12-24 4:24,860195.2064,-6499508.294
PET-C,2011-12-24 4:54,860335.7272,-6499517.772
PET-C,2011-12-24 5:24,860476.2482,-6499527.25
PET-C,2011-12-24 5:54,860696.7696,-6499645.891
PET-C,2011-12-24 6:24,860945.3211,-6499802.777
PET-C,2011-12-24 6:54,861193.8763,-6499959.661
PET-C,2011-12-24 7:24,861554.8968,-6500178.237
PET-C,2011-12-24 7:54,861932.5646,-6500405.938
PET-C,2011-12-24 8:24,862310.2404,-6500633.636
PET-C,2011-12-24 8:54,862786.5128,-6500835.487
PET-C,2011-12-24 9:24,863277.9621,-6501033.352
PET-C,2011-12-24 9:54,863769.4209,-6501231.21
PET-C,2011-12-24 10:24,864291.495,-6501327.119
PET-C,2011-12-24 10:54,864814.9611,-6501418.399
PET-C,2011-12-24 11:24,865338.4326,-6501509.669
PET-C,2011-12-24 11:54,865783.872,-6501521.048
PET-C,2011-12-24 12:24,866227.494,-6501530.554
PET-C,2011-12-24 12:54,866671.1173,-6501540.053
PET-C,2011-12-24 13:24,866988.1731,-6501539.709
PET-C,2011-12-24 13:54,867304.3089,-6501539.289
PET-C,2011-12-24 14:24,867533.6401,-6501517.186
PET-C,2011-12-24 14:54,867060.6468,-6501319.669
PET-C,2011-12-24 15:24,866587.6626,-6501122.147
PET-C,2011-12-24 15:54,865947.4194,-6500689.628
PET-C,2011-12-24 16:24,864512.6363,-6499140.749
PET-C,2011-12-24 16:54,863078.0467,-6497591.905
PET-C,2011-12-24 17:24,861803.1577,-6496321.674
PET-C,2011-12-24 17:54,861112.6634,-6496071.933
PET-C,2011-12-24 18:24,860422.1862,-6495822.174
PET-C,2011-12-24 18:54,859344.3933,-6495324.226
PET-C,2011-12-24 19:24,857660.8751,-6494438.049
PET-C,2011-12-24 19:54,855977.4976,-6493551.798
PET-C,2011-12-24 20:24,855104.2016,-6493243.49
PET-C,2011-12-24 20:54,855194.5975,-6493622.881
PET-C,2011-12-24 21:24,855284.9957,-6494002.28
PET-C,2011-12-24 21:54,855688.1523,-6494306.671
PET-C,2011-12-24 22:24,856256.4609,-6494571.446
PET-C,2011-12-24 22:54,856824.7838,-6494836.212
PET-C,2011-12-24 23:24,857122.5178,-6494759.474
PET-C,2011-12-24 23:54,857268.4034,-6494491.111
PET-C,2011-12-25 0:24,857414.2854,-6494222.749
PET-C,2011-12-25 0:54,858670.0083,-6492708.632
PET-C,2011-12-25 1:24,860520.1269,-6490527.012
PET-C,2011-12-25 1:54,862369.8841,-6488345.411
PET-C,2011-12-25 2:24,866380.5682,-6494720.66
PET-C,2011-12-25 2:54,871365.6652,-6504943.661
PET-C,2011-12-25 3:24,876354.8388,-6515170.653
PET-C,2011-12-25 3:54,879507.8202,-6514350.645
PET-C,2011-12-25 4:24,882057.8152,-6509913.07
PET-C,2011-12-25 4:54,884606.754,-6505475.957
PET-C,2011-12-25 5:24,884740.8975,-6496748.559
PET-C,2011-12-25 5:54,884428.2564,-6487231.146
PET-C,2011-12-25 6:24,884115.4167,-6477717.747
PET-C,2011-12-25 6:54,884872.7633,-6476758.294
PET-C,2011-12-25 7:24,885697.7267,-6476339.302
PET-C,2011-12-25 7:54,886522.6621,-6475920.284
PET-C,2011-12-25 8:24,885974.2985,-6472672.895
PET-C,2011-12-25 8:54,885389.2312,-6469350.162
PET-C,2011-12-25 9:24,884817.2117,-6466119.679
PET-C,2011-12-25 9:54,885127.5183,-6469150.253
PET-C,2011-12-25 10:24,885437.8619,-6472181.239
PET-C,2011-12-25 10:54,885923.516,-6474675.36
PET-C,2011-12-25 11:24,887143.1328,-6474919.861
PET-C,2011-12-25 11:54,888362.7833,-6475164.301
PET-C,2011-12-25 12:24,889605.8639,-6475460.133
PET-C,2011-12-25 12:54,890916.5556,-6475904.486
PET-C,2011-12-25 13:24,892227.3068,-6476348.777
PET-C,2011-12-25 13:54,893274.1599,-6477615.835
PET-C,2011-12-25 14:24,893757.3044,-6480640.614
PET-C,2011-12-25 14:54,894240.5312,-6483665.801
PET-C,2011-12-25 15:24,893672.5215,-6487276.818
PET-C,2011-12-25 15:54,891936.8217,-6491538.31
PET-C,2011-12-25 16:24,890200.3925,-6495800.391
PET-C,2011-12-25 16:54,889398.6732,-6498055.274
PET-C,2011-12-25 17:24,889245.3518,-6498918.26
PET-C,2011-12-25 17:54,889092.015,-6499781.278
PET-C,2011-12-25 18:24,887826.1144,-6499856.836
PET-C,2011-12-25 18:54,885894.3324,-6499460.903
PET-C,2011-12-25 19:24,883962.6357,-6499064.822
PET-C,2011-12-25 19:54,880153.8146,-6498079.841
PET-C,2011-12-25 20:24,875593.1633,-6496858.202
PET-C,2011-12-25 20:54,871033.0976,-6495635.771
PET-C,2011-12-25 21:24,869372.1975,-6494598.136
PET-C,2011-12-25 21:54,868689.0992,-6493623.022
PET-C,2011-12-25 22:24,868006.0572,-6492647.937
PET-C,2011-12-25 22:54,867530.0544,-6492422.53
PET-C,2011-12-25 23:24,867106.8874,-6492388.454
PET-C,2011-12-25 23:54,866683.7227,-6492354.37
PET-C,2011-12-26 0:24,867466.152,-6490941.678
PET-C,2011-12-26 0:54,868276.5734,-6489496.903
PET-C,2011-12-26 1:24,869086.8846,-6488052.18
PET-C,2011-12-26 1:54,871822.7651,-6489930.743
PET-C,2011-12-26 2:24,874646.3809,-6491959.726
PET-C,2011-12-26 2:54,877470.52,-6493988.595
PET-C,2011-12-26 3:24,877301.5208,-6494387.082
PET-C,2011-12-26 3:54,877105.6678,-6494770.952
PET-C,2011-12-26 4:24,876948.6248,-6495103.281
PET-C,2011-12-26 4:54,877152.022,-6494956.981
PET-C,2011-12-26 5:24,877355.4166,-6494810.678
PET-C,2011-12-26 5:54,877591.157,-6494624.7
PET-C,2011-12-26 6:24,877946.1744,-6494292.415
PET-C,2011-12-26 6:54,878301.1815,-6493960.127
PET-C,2011-12-26 7:24,878744.1492,-6493655.896
PET-C,2011-12-26 7:54,879404.8252,-6493421.09
PET-C,2011-12-26 8:24,880065.4895,-6493186.265
PET-C,2011-12-26 8:54,880651.5627,-6492918.914
PET-C,2011-12-26 9:24,881075.0253,-6492580.677
PET-C,2011-12-26 9:54,881498.4754,-6492242.437
PET-C,2011-12-26 10:24,881931.4204,-6491914.03
PET-C,2011-12-26 10:54,882387.6294,-6491609.707
PET-C,2011-12-26 11:24,882843.8267,-6491305.377
PET-C,2011-12-26 11:54,883296.7949,-6491028.06
PET-C,2011-12-26 12:24,883743.8502,-6490800.31
PET-C,2011-12-26 12:54,884190.8974,-6490572.551
PET-C,2011-12-26 13:24,884347.1956,-6490709.451
PET-C,2011-12-26 13:54,884179.9845,-6491252.115
PET-C,2011-12-26 14:24,884012.7639,-6491794.789
PET-C,2011-12-26 14:54,884045.664,-6492222.768
PET-C,2011-12-26 15:24,884227.5,-6492565.39
PET-C,2011-12-26 15:54,884409.341,-6492908.015
PET-C,2011-12-26 16:24,884224.6887,-6493527.092
PET-C,2011-12-26 16:54,883874.0712,-6494271.353
PET-C,2011-12-26 17:24,883523.4285,-6495015.632
PET-C,2011-12-26 17:54,883257.4826,-6495184.367
PET-C,2011-12-26 18:24,883013.9797,-6495200.618
PET-C,2011-12-26 18:54,882770.4768,-6495216.865
PET-C,2011-12-26 19:24,881969.1067,-6495012.884
PET-C,2011-12-26 19:54,881079.8623,-6494774.176
PET-C,2011-12-26 20:24,880190.6401,-6494535.438
PET-C,2011-12-26 20:54,874064.8425,-6495834.356
PET-C,2011-12-26 21:24,866550.9277,-6497538.437
PET-C,2011-12-26 21:54,859036.1494,-6499240.04
PET-C,2011-12-26 22:24,855909.2305,-6500013.275
PET-C,2011-12-26 22:54,854064.4314,-6500515.576
PET-C,2011-12-26 23:24,852219.5658,-6501017.731
PET-C,2011-12-26 23:54,854578.9304,-6500300.513
PET-C,2011-12-27 0:24,857920.7014,-6499297.892
PET-C,2011-12-27 0:54,861262.2265,-6498294.791
PET-C,2011-12-27 1:24,864558.7578,-6499265.77
PET-C,2011-12-27 1:54,867850.8876,-6500446.322
PET-C,2011-12-27 2:24,871143.4043,-6501626.498
PET-C,2011-12-27 2:54,871026.1208,-6502008.992
PET-C,2011-12-27 3:24,870691.168,-6502340.581
PET-C,2011-12-27 3:54,870356.2055,-6502672.169
PET-C,2011-12-27 4:24,869982.9422,-6503276.126
PET-C,2011-12-27 4:54,869609.6581,-6503880.09
PET-C,2011-12-27 5:24,869278.5221,-6504501.912
PET-C,2011-12-27 5:54,869080.4984,-6505180.099
PET-C,2011-12-27 6:24,868882.4611,-6505858.303
PET-C,2011-12-27 6:54,868680.9163,-6506527.873
PET-C,2011-12-27 7:24,868471.9151,-6507179.026
PET-C,2011-12-27 7:54,868262.9001,-6507830.196
PET-C,2011-12-27 8:24,868189.9264,-6508443.628
PET-C,2011-12-27 8:54,868267.9991,-6509015.16
PET-C,2011-12-27 9:24,868346.0742,-6509586.706
PET-C,2011-12-27 9:54,868630.4416,-6510097.412
PET-C,2011-12-27 10:24,869126.6899,-6510545.62
PET-C,2011-12-27 10:54,869622.9576,-6510993.829
PET-C,2011-12-27 11:24,870092.0423,-6511270.32
PET-C,2011-12-27 11:54,870531.7312,-6511361.192
PET-C,2011-12-27 12:24,870971.4244,-6511452.056
PET-C,2011-12-27 12:54,871249.0166,-6511423.013
PET-C,2011-12-27 13:24,871378.2989,-6511284.276
PET-C,2011-12-27 13:54,871507.5797,-6511145.538
PET-C,2011-12-27 14:24,871563.8775,-6511068.544
PET-C,2011-12-27 14:54,871571.5207,-6511032.712
PET-C,2011-12-27 15:24,871579.1639,-6510996.879
PET-C,2011-12-27 15:54,871197.6712,-6510929.962
PET-C,2011-12-27 16:24,870604.0792,-6510846.09
PET-C,2011-12-27 16:54,870010.4935,-6510762.203
PET-C,2011-12-27 17:24,869788.9266,-6510929.423
PET-C,2011-12-27 17:54,869657.4728,-6511157.474
PET-C,2011-12-27 18:24,869526.0162,-6511385.525
PET-C,2011-12-27 18:54,868944.5655,-6511404.553
PET-C,2011-12-27 19:24,868288.1675,-6511388.748
PET-C,2011-12-27 19:54,867631.7725,-6511372.925
PET-C,2011-12-27 20:24,866384.8352,-6507198.938
PET-C,2011-12-27 20:54,865020.7062,-6502197.637
PET-C,2011-12-27 21:24,863657.0633,-6497197.417
PET-C,2011-12-27 21:54,859471.8306,-6497995.574
PET-C,2011-12-27 22:24,854777.116,-6499838.396
PET-C,2011-12-27 22:54,850081.7298,-6501680.318
PET-C,2011-12-27 23:24,850927.2198,-6501897.255
PET-C,2011-12-27 23:54,851863.4663,-6502087.555
PET-C,2011-12-28 0:24,852697.5143,-6502268.881
PET-C,2011-12-28 0:54,846274.3307,-6501814.562
PET-C,2011-12-28 1:24,839851.5919,-6501358.469
PET-C,2011-12-28 1:54,833798.968,-6501034.463
PET-C,2011-12-28 2:24,835114.3495,-6503377.612
PET-C,2011-12-28 2:54,836429.9845,-6505720.953
PET-C,2011-12-28 3:24,837697.297,-6508053.689
PET-C,2011-12-28 3:54,838355.9402,-6510251.311
PET-C,2011-12-28 4:24,839014.6904,-6512449.139
PET-C,2011-12-28 4:54,839398.8778,-6514103.659
PET-C,2011-12-28 5:24,838834.0082,-6513880.171
PET-C,2011-12-28 5:54,838269.1508,-6513656.674
PET-C,2011-12-28 6:24,837715.2262,-6513536.27
PET-C,2011-12-28 6:54,837182.5026,-6513615.998
PET-C,2011-12-28 7:24,836649.7766,-6513695.715
PET-C,2011-12-28 7:54,836414.4078,-6513685.09
PET-C,2011-12-28 8:24,836504.0589,-6513575.731
PET-C,2011-12-28 8:54,836593.7089,-6513466.373
PET-C,2011-12-28 9:24,835569.8521,-6512613.94
PET-C,2011-12-28 9:54,833224.3963,-6510879.339
PET-C,2011-12-28 10:24,830879.3076,-6509144.663
PET-C,2011-12-28 10:54,830419.5859,-6509906.406
PET-C,2011-12-28 11:24,831824.3976,-6513137.341
PET-C,2011-12-28 11:54,833229.5689,-6516368.688
PET-C,2011-12-28 12:24,835087.3239,-6519809.2
PET-C,2011-12-28 12:54,837258.4806,-6523394.537
PET-C,2011-12-28 13:24,839430.2796,-6526980.297
PET-C,2011-12-28 13:54,839581.4591,-6527864.189
PET-C,2011-12-28 14:24,838834.0577,-6527546.63
PET-C,2011-12-28 14:54,838086.679,-6527229.054
PET-C,2011-12-28 15:24,838257.9099,-6526878.794
PET-C,2011-12-28 15:54,838625.4856,-6526521.551
PET-C,2011-12-28 16:24,838993.05,-6526164.306
PET-C,2011-12-28 16:54,838999.8752,-6524885.09
PET-C,2011-12-28 17:24,838929.8859,-6523409.639
PET-C,2011-12-28 17:54,838859.8959,-6521934.285
PET-C,2011-12-28 18:24,839058.7692,-6521830.684
PET-C,2011-12-28 18:54,839303.4465,-6521960.753
PET-C,2011-12-28 19:24,839548.1267,-6522090.821
PET-C,2011-12-28 19:54,840122.5273,-6520161.486
PET-C,2011-12-28 20:24,840741.5221,-6517952.973
PET-C,2011-12-28 20:54,841360.3773,-6515744.644
PET-C,2011-12-28 21:24,841133.8562,-6511273.76
PET-C,2011-12-28 21:54,840797.53,-6506509.805
PET-C,2011-12-28 22:24,840461.2422,-6501746.853
PET-C,2011-12-28 22:54,840574.5046,-6501676.871
PET-C,2011-12-28 23:24,840734.3508,-6502093.114
PET-C,2011-12-28 23:54,840894.2023,-6502509.362
PET-C,2011-12-29 0:24,842191.0347,-6503212.439
PET-C,2011-12-29 0:54,843652.0408,-6503956.851
PET-C,2011-12-29 1:24,845113.1494,-6504701.203
PET-C,2011-12-29 1:54,847874.4456,-6510977.65
PET-C,2011-12-29 2:24,850781.6942,-6517870.577
PET-C,2011-12-29 2:54,853690.5116,-6524765.394
PET-C,2011-12-29 3:24,854785.7619,-6525915.918
PET-C,2011-12-29 3:54,855578.8129,-6526109.479
PET-C,2011-12-29 4:24,856371.88,-6526303.015
PET-C,2011-12-29 4:54,857670.9321,-6527012.06
PET-C,2011-12-29 5:24,858978.9377,-6527730.096
PET-C,2011-12-29 5:54,860256.1973,-6528397.598
PET-C,2011-12-29 6:24,860903.6085,-6528033.627
PET-C,2011-12-29 6:54,861551.0004,-6527669.643
PET-C,2011-12-29 7:24,862185.4717,-6527284.344
PET-C,2011-12-29 7:54,862751.0514,-6526785.345
PET-C,2011-12-29 8:24,863316.607,-6526286.34
PET-C,2011-12-29 8:54,863863.283,-6525768.592
PET-C,2011-12-29 9:24,864337.7994,-6525179.158
PET-C,2011-12-29 9:54,864812.2909,-6524589.726
PET-C,2011-12-29 10:24,865242.657,-6524037.827
PET-C,2011-12-29 10:54,865541.4858,-6523597.853
PET-C,2011-12-29 11:24,865840.3025,-6523157.883
PET-C,2011-12-29 11:54,866134.2435,-6522775.683
PET-C,2011-12-29 12:24,866417.2086,-6522523.748
PET-C,2011-12-29 12:54,866700.1675,-6522271.812
PET-C,2011-12-29 13:24,866897.6734,-6522070.902
PET-C,2011-12-29 13:54,866944.002,-6521960.269
PET-C,2011-12-29 14:24,866990.33,-6521849.638
PET-C,2011-12-29 14:54,866344.7929,-6521129.549
PET-C,2011-12-29 15:24,864814.8641,-6519630.291
PET-C,2011-12-29 15:54,863285.1359,-6518131.051
PET-C,2011-12-29 16:24,862264.2686,-6517351.209
PET-C,2011-12-29 16:54,861772.8763,-6517320.107
PET-C,2011-12-29 17:24,861281.4864,-6517288.995
PET-C,2011-12-29 17:54,861247.572,-6517200.923
PET-C,2011-12-29 18:24,861640.6624,-6517059.688
PET-C,2011-12-29 18:54,862033.7485,-6516918.446
PET-C,2011-12-29 19:24,862187.4516,-6515837.688
PET-C,2011-12-29 19:54,862092.5555,-6513781.378
PET-C,2011-12-29 20:24,861997.656,-6511725.256
PET-C,2011-12-29 20:54,861081.0835,-6506987.248
PET-C,2011-12-29 21:24,859861.0051,-6501258.513
PET-C,2011-12-29 21:54,858641.3904,-6495531.218
PET-C,2011-12-29 22:24,858295.539,-6493699.063
PET-C,2011-12-29 22:54,858241.7095,-6493168.846
PET-C,2011-12-29 23:24,858187.8812,-6492638.643
PET-C,2011-12-29 23:54,857292.4209,-6491835.944
PET-C,2011-12-30 0:24,856031.5606,-6490914.886
PET-C,2011-12-30 0:54,854770.8058,-6489993.809
PET-C,2011-12-30 1:24,859359.1547,-6493847.681
PET-C,2011-12-30 1:54,865525.7369,-6498987.709
PET-C,2011-12-30 2:24,871695.1584,-6504127.537
PET-C,2011-12-30 2:54,872796.9749,-6505501.421
PET-C,2011-12-30 3:24,872555.7522,-6505877.616
PET-C,2011-12-30 3:54,872314.5213,-6506253.814
PET-C,2011-12-30 4:24,874511.9191,-6510583.27
PET-C,2011-12-30 4:54,877251.7297,-6515791.239
PET-C,2011-12-30 5:24,879992.6889,-6521000.208
PET-C,2011-12-30 5:54,881002.3184,-6523656.323
PET-C,2011-12-30 6:24,881760.8648,-6525942.302
PET-C,2011-12-30 6:54,882519.5388,-6528228.5
PET-C,2011-12-30 7:24,883123.4731,-6528469.478
PET-C,2011-12-30 7:54,883709.1395,-6528469.067
PET-C,2011-12-30 8:24,884301.6811,-6528458.309
PET-C,2011-12-30 8:54,885064.0892,-6528192.18
PET-C,2011-12-30 9:24,885826.4824,-6527926.026
PET-C,2011-12-30 9:54,886595.6868,-6527637.481
PET-C,2011-12-30 10:24,887413.142,-6527190.741
PET-C,2011-12-30 10:54,888230.5679,-6526743.977
PET-C,2011-12-30 11:24,889049.0763,-6526267.911
PET-C,2011-12-30 11:54,889871.9649,-6525675.527
PET-C,2011-12-30 12:24,890694.8127,-6525083.124
PET-C,2011-12-30 12:54,891426.7064,-6524469.185
PET-C,2011-12-30 13:24,891817.7031,-6523774.575
PET-C,2011-12-30 13:54,892208.6745,-6523079.977
PET-C,2011-12-30 14:24,892528.5097,-6522405.294
PET-C,2011-12-30 14:54,892642.9846,-6521788.1
PET-C,2011-12-30 15:24,892757.4515,-6521170.919
PET-C,2011-12-30 15:54,892884.0711,-6520226.502
PET-C,2011-12-30 16:24,893036.639,-6518583.187
PET-C,2011-12-30 16:54,893189.171,-6516939.986
PET-C,2011-12-30 17:24,892772.8474,-6515757.857
PET-C,2011-12-30 17:54,891271.2859,-6515455.172
PET-C,2011-12-30 18:24,889769.7753,-6515152.398
PET-C,2011-12-30 18:54,889094.5008,-6514464.307
PET-C,2011-12-30 19:24,889193.8315,-6513415.055
PET-C,2011-12-30 19:54,889293.1476,-6512365.848
PET-C,2011-12-30 20:24,887785.6619,-6509335.083
PET-C,2011-12-30 20:54,884913.3443,-6504620.642
PET-C,2011-12-30 21:24,882042.1419,-6499906.952
PET-C,2011-12-30 21:54,882775.1001,-6495852.944
PET-C,2011-12-30 22:24,886709.7034,-6492384.53
PET-C,2011-12-30 22:54,890643.1241,-6488915.825
PET-C,2011-12-30 23:24,892488.5201,-6487509.096
PET-C,2011-12-30 23:54,892603.0983,-6487812.479
PET-C,2011-12-31 0:24,892717.6791,-6488115.867
PET-C,2011-12-31 0:54,894382.1797,-6489176.898
PET-C,2011-12-31 1:24,896992.4605,-6490699.979
PET-C,2011-12-31 1:54,899603.1148,-6492222.903
PET-C,2011-12-31 2:24,901332.6452,-6492950.07
PET-C,2011-12-31 2:54,902507.8463,-6493176.764
PET-C,2011-12-31 3:24,903683.0778,-6493403.402
PET-C,2011-12-31 3:54,904190.7835,-6493669.898
PET-C,2011-12-31 4:24,904397.0211,-6493954.412
PET-C,2011-12-31 4:54,904603.2638,-6494238.927
PET-C,2011-12-31 5:24,905019.1027,-6494312.43
PET-C,2011-12-31 5:54,905489.3583,-6494331.141
PET-C,2011-12-31 6:24,905959.6159,-6494349.842
PET-C,2011-12-31 6:54,906008.435,-6494574.752
PET-C,2011-12-31 7:24,906024.7193,-6494815.583
PET-C,2011-12-31 7:54,906041.8055,-6495056.098
PET-C,2011-12-31 8:24,906178.3793,-6495249.146
PET-C,2011-12-31 8:54,906314.9553,-6495442.196
PET-C,2011-12-31 9:24,906448.4174,-6495629.668
PET-C,2011-12-31 9:54,906504.8687,-6495679.268
PET-C,2011-12-31 10:24,906561.3201,-6495728.868
PET-C,2011-12-31 10:54,906617.3616,-6495774.14
PET-C,2011-12-31 11:24,906664.6956,-6495727.555
PET-C,2011-12-31 11:54,906712.0293,-6495680.972
PET-C,2011-12-31 12:24,906773.6819,-6495621.148
PET-C,2011-12-31 12:54,907184.0257,-6495238.918
PET-C,2011-12-31 13:24,907594.3559,-6494856.685
PET-C,2011-12-31 13:54,908117.9454,-6494445.444
PET-C,2011-12-31 14:24,911076.7808,-6493410.368
PET-C,2011-12-31 14:54,914035.3887,-6492374.922
PET-C,2011-12-31 15:24,916653.9268,-6491535.401
PET-C,2011-12-31 15:54,916538.2486,-6492274.97
PET-C,2011-12-31 16:24,916422.56,-6493014.561
PET-C,2011-12-31 16:54,916345.918,-6493538.84
PET-C,2011-12-31 17:24,916382.0572,-6493441.305
PET-C,2011-12-31 17:54,916418.196,-6493343.771
PET-C,2011-12-31 18:24,916527.4335,-6493287.436
PET-C,2011-12-31 18:54,916765.6899,-6493303.815
PET-C,2011-12-31 19:24,917003.9468,-6493320.191
PET-C,2011-12-31 19:54,912771.1744,-6492336.813
PET-C,2011-12-31 20:24,904196.0941,-6490379.981
PET-C,2011-12-31 20:54,895622.8644,-6488420.263
PET-C,2011-12-31 21:24,892600.8594,-6488162.424
PET-C,2011-12-31 21:54,893417.9513,-6489083.247
PET-C,2011-12-31 22:24,894235.1085,-6490004.085
PET-C,2011-12-31 22:54,894022.9492,-6491296.825
PET-C,2011-12-31 23:24,893216.1742,-6492804.401
PET-C,2011-12-31 23:54,892409.2839,-6494312.036
PET-C,2012-01-01 0:24,890659.8948,-6500615.824
PET-C,2012-01-01 0:54,888417.2354,-6509423.516
PET-C,2012-01-01 1:24,886172.4733,-6518234.181
PET-C,2012-01-01 1:54,887062.8613,-6524007.081
PET-C,2012-01-01 2:24,889392.5739,-6528386.344
PET-C,2012-01-01 2:54,891723.1034,-6532766.312
PET-C,2012-01-01 3:24,892536.7855,-6534127.86
PET-C,2012-01-01 3:54,892625.4101,-6534046.885
PET-C,2012-01-01 4:24,892714.034,-6533965.911
PET-C,2012-01-01 4:54,892977.8811,-6533682.64
PET-C,2012-01-01 5:24,893301.17,-6533330.733
PET-C,2012-01-01 5:54,893624.4492,-6532978.823
PET-C,2012-01-01 6:24,894151.8152,-6532697.225
PET-C,2012-01-01 6:54,894738.9911,-6532436.222
PET-C,2012-01-01 7:24,895326.155,-6532175.206
PET-C,2012-01-01 7:54,895298.5338,-6531880.689
PET-C,2012-01-01 8:24,895168.5188,-6531580.598
PET-C,2012-01-01 8:54,895038.5067,-6531280.51
PET-C,2012-01-01 9:24,894875.045,-6531083.753
PET-C,2012-01-01 9:54,894708.4339,-6530896.733
PET-C,2012-01-01 10:24,894541.8254,-6530709.714
PET-C,2012-01-01 10:54,895388.3137,-6531359.484
PET-C,2012-01-01 11:24,896400.5523,-6532146.097
PET-C,2012-01-01 11:54,897412.8622,-6532932.701
PET-C,2012-01-01 12:24,899052.6822,-6533499.545
PET-C,2012-01-01 12:54,900811.6142,-6534024.599
PET-C,2012-01-01 13:24,902570.641,-6534549.543
PET-C,2012-01-01 13:54,909292.2814,-6536069.023
PET-C,2012-01-01 14:24,916347.516,-6537653.257
PET-C,2012-01-01 14:54,923403.9798,-6539235.562
PET-C,2012-01-01 15:24,941544.7975,-6541860.877
PET-C,2012-01-01 15:54,960180.3773,-6544518.366
PET-C,2012-01-01 16:24,978822.302,-6547161.73
PET-C,2012-01-01 16:54,990404.7866,-6549747.917
PET-C,2012-01-01 17:24,1001801.208,-6552327.891
PET-C,2012-01-01 17:54,1013100.055,-6554815.285
PET-C,2012-01-01 18:24,1020276.474,-6553717.672
PET-C,2012-01-01 18:54,1027452.558,-6552617.782
PET-C,2012-01-01 19:24,1034161.669,-6551403.839
PET-C,2012-01-01 19:54,1033559.965,-6548437.898
PET-C,2012-01-01 20:24,1032958.355,-6545472.349
PET-C,2012-01-01 20:54,1032607.537,-6542085.057
PET-C,2012-01-01 21:24,1037714.747,-6529504.409
PET-C,2012-01-01 21:54,1042815.441,-6516928.59
PET-C,2012-01-01 22:24,1047875.08,-6504436.405
PET-C,2012-01-01 22:54,1050479.917,-6497541.749
PET-C,2012-01-01 23:24,1053082.883,-6490648.618
PET-C,2012-01-01 23:54,1055807.114,-6483944.556
PET-C,2012-01-02 0:24,1061143.154,-6481220.663
PET-C,2012-01-02 0:54,1066478.069,-6478495.628
PET-C,2012-01-02 1:24,1071475.143,-6475867.26
PET-C,2012-01-02 1:54,1071298.509,-6474741.158
PET-C,2012-01-02 2:24,1071121.883,-6473615.114
PET-C,2012-01-02 2:54,1070999.71,-6472552.028
PET-C,2012-01-02 3:24,1071318.04,-6471997.888
PET-C,2012-01-02 3:54,1071636.354,-6471443.754
PET-C,2012-01-02 4:24,1072544.229,-6471248.35
PET-C,2012-01-02 4:54,1079334.754,-6474630.789
PET-C,2012-01-02 5:24,1086127.575,-6478012.05
PET-C,2012-01-02 5:54,1092657.499,-6481236.661
PET-C,2012-01-02 6:24,1097422.961,-6483425.02
PET-C,2012-01-02 6:54,1102189.482,-6485612.755
PET-C,2012-01-02 7:24,1108038.442,-6488741.036
PET-C,2012-01-02 7:54,1117865.946,-6495327.392
PET-C,2012-01-02 8:24,1127699.566,-6501912.47
PET-C,2012-01-02 8:54,1134087.495,-6505791.648
PET-C,2012-01-02 9:24,1135190.321,-6505527.859
PET-C,2012-01-02 9:54,1136293.13,-6505264.016
PET-C,2012-01-02 10:24,1139763.759,-6506575.98
PET-C,2012-01-02 10:54,1145387.46,-6509319.473
PET-C,2012-01-02 11:24,1151012.715,-6512062.178
PET-C,2012-01-02 11:54,1165487.986,-6521659.717
PET-C,2012-01-02 12:24,1185057.741,-6535185.031
PET-C,2012-01-02 12:54,1204652.25,-6548706.451
PET-C,2012-01-02 13:24,1223277.722,-6563301.504
PET-C,2012-01-02 13:54,1241328.631,-6578546.399
PET-C,2012-01-02 14:24,1259403.985,-6593792.669
PET-C,2012-01-02 14:54,1279117.714,-6609475.397
PET-C,2012-01-02 15:24,1299716.413,-6625388.802
PET-C,2012-01-02 15:54,1320344.522,-6641301.883
PET-C,2012-01-02 16:24,1335526.265,-6652444.351
PET-C,2012-01-02 16:54,1347170.482,-6660493.152
PET-C,2012-01-02 17:24,1358823.286,-6668541.09
PET-C,2012-01-02 17:54,1363733.005,-6668674.431
PET-C,2012-01-02 18:24,1364016.568,-6663384.459
PET-C,2012-01-02 18:54,1364299.69,-6658095.614
PET-C,2012-01-02 19:24,1362060.394,-6645281.784
PET-C,2012-01-02 19:54,1358526.631,-6628610.974
PET-C,2012-01-02 20:24,1354994.82,-6611952.635
PET-C,2012-01-02 20:54,1356467.789,-6609635.616
PET-C,2012-01-02 21:24,1360001.936,-6613220.779
PET-C,2012-01-02 21:54,1363537.148,-6616806.245
PET-C,2012-01-02 22:24,1367649.913,-6620284.13
PET-C,2012-01-02 22:54,1371984.475,-6623720.834
PET-C,2012-01-02 23:24,1376320.37,-6627157.585
PET-C,2012-01-02 23:54,1377281.489,-6627794.388
PET-C,2012-01-03 0:24,1377056.586,-6627447.42
PET-C,2012-01-03 0:54,1376831.689,-6627100.454
PET-C,2012-01-03 1:24,1386316.475,-6632769.444
PET-C,2012-01-03 1:54,1398485.78,-6640095.303
PET-C,2012-01-03 2:24,1410663.662,-6647419.313
PET-C,2012-01-03 2:54,1413947.477,-6651884.624
PET-C,2012-01-03 3:24,1415106.211,-6655668.077
PET-C,2012-01-03 3:54,1416265.155,-6659452.175
PET-C,2012-01-03 4:24,1418907.117,-6669974.818
PET-C,2012-01-03 4:54,1421768.553,-6681495.075
PET-C,2012-01-03 5:24,1424631.207,-6693021.273
PET-C,2012-01-03 5:54,1430785.182,-6708091.298
PET-C,2012-01-03 6:24,1437281.222,-6723533.389
PET-C,2012-01-03 6:54,1443783.03,-6738985.939
PET-C,2012-01-03 7:24,1442472.618,-6747734.387
PET-C,2012-01-03 7:54,1440927.808,-6756285.736
PET-C,2012-01-03 8:24,1439419.294,-6765200.109
PET-C,2012-01-03 8:54,1438740.445,-6781974.815
PET-C,2012-01-03 9:24,1438057.238,-6798760.476
PET-C,2012-01-03 9:54,1437369.672,-6815557.042
PET-C,2012-01-03 10:24,1438860.117,-6826431.208
PET-C,2012-01-03 10:54,1440393.709,-6837192.646
PET-C,2012-01-03 11:24,1442343.52,-6848600.932
PET-C,2012-01-03 11:54,1448186.205,-6866017.811
PET-C,2012-01-03 12:24,1454033.483,-6883447.675
PET-C,2012-01-03 12:54,1460396.739,-6901020.062
PET-C,2012-01-03 13:24,1468878.269,-6919140.711
PET-C,2012-01-03 13:54,1477368.316,-6937275.024
PET-C,2012-01-03 14:24,1486726.142,-6956987.422
PET-C,2012-01-03 14:54,1498644.901,-6981358.374
PET-C,2012-01-03 15:24,1510579.537,-7005753.739
PET-C,2012-01-03 15:54,1521525.734,-7028319.598
PET-C,2012-01-03 16:24,1530070.067,-7046448.501
PET-C,2012-01-03 16:54,1538622.315,-7064590.864
PET-C,2012-01-03 17:24,1540485.155,-7081163.963
PET-C,2012-01-03 17:54,1530262.821,-7094886.085
PET-C,2012-01-03 18:24,1520029.305,-7108607.483
PET-C,2012-01-03 18:54,1509676.164,-7120822.808
PET-C,2012-01-03 19:24,1499159.123,-7130879.429
PET-C,2012-01-03 19:54,1488634.709,-7140932.99
PET-C,2012-01-03 20:24,1480916.599,-7150866.766
PET-C,2012-01-03 20:54,1476766.616,-7160652.698
PET-C,2012-01-03 21:24,1472612.798,-7170440.363
PET-C,2012-01-03 21:54,1470634.464,-7179432.202
PET-C,2012-01-03 22:24,1470482.117,-7187757.434
PET-C,2012-01-03 22:54,1470328.818,-7196085.041
PET-C,2012-01-03 23:24,1472698.453,-7205594.481
PET-C,2012-01-03 23:54,1478189.601,-7216565.763
PET-C,2012-01-04 0:24,1483683.756,-7227541.657
PET-C,2012-01-04 0:54,1487284.336,-7238320.921
PET-C,2012-01-04 1:24,1487716.667,-7248768.054
PET-C,2012-01-04 1:54,1488147.925,-7259219
PET-C,2012-01-04 2:24,1487899.996,-7270153.595
PET-C,2012-01-04 2:54,1486713.463,-7281754.874
PET-C,2012-01-04 3:24,1485524.325,-7293360.269
PET-C,2012-01-04 3:54,1484978.418,-7303661.547
PET-C,2012-01-04 4:24,1485225.898,-7312356.072
PET-C,2012-01-04 4:54,1485472.568,-7321053.155
PET-C,2012-01-04 5:24,1486633.196,-7326113.573
PET-C,2012-01-04 5:54,1488420.84,-7328680.398
PET-C,2012-01-04 6:24,1490208.743,-7331247.449
PET-C,2012-01-04 6:54,1490791.034,-7332157.933
PET-C,2012-01-04 7:24,1490560.118,-7331951.087
PET-C,2012-01-04 7:54,1490329.204,-7331744.243
PET-C,2012-01-04 8:24,1490045.963,-7331704.144
PET-C,2012-01-04 8:54,1489751.665,-7331699.278
PET-C,2012-01-04 9:24,1489580.562,-7332423.17
PET-C,2012-01-04 9:54,1490280.567,-7338301.377
PET-C,2012-01-04 10:24,1490980.41,-7344180.806
PET-C,2012-01-04 10:54,1490770.779,-7352002.983
PET-C,2012-01-04 11:24,1488028.995,-7365228.86
PET-C,2012-01-04 11:54,1485282.743,-7378459.255
PET-C,2012-01-04 12:24,1483170.119,-7390127.26
PET-C,2012-01-04 12:54,1482860.98,-7397363.991
PET-C,2012-01-04 13:24,1482551.041,-7404602.342
PET-C,2012-01-04 13:54,1481547.628,-7413152.905
PET-C,2012-01-04 14:24,1478890.643,-7424829.953
PET-C,2012-01-04 14:54,1476230.076,-7436510.326
PET-C,2012-01-04 15:24,1475029.029,-7449065.975
PET-C,2012-01-04 15:54,1475955.592,-7462896.313
PET-C,2012-01-04 16:24,1476880.589,-7476732.916
PET-C,2012-01-04 16:54,1476987.614,-7490570.892
PET-C,2012-01-04 17:24,1476277.426,-7504409.801
PET-C,2012-01-04 17:54,1475564.265,-7518254.331
PET-C,2012-01-04 18:24,1475915.548,-7529316.483
PET-C,2012-01-04 18:54,1477058.469,-7538311.864
PET-C,2012-01-04 19:24,1478201.025,-7547309.91
PET-C,2012-01-04 19:54,1481005.907,-7565528.424
PET-C,2012-01-04 20:24,1484726.918,-7588847.886
PET-C,2012-01-04 20:54,1488446.455,-7612185.223
PET-C,2012-01-04 21:24,1490206.296,-7633763.421
PET-C,2012-01-04 21:54,1491240.071,-7654700.095
PET-C,2012-01-04 22:24,1492269.607,-7675649.909
PET-C,2012-01-04 22:54,1490963.455,-7696966.47
PET-C,2012-01-04 23:24,1489395.641,-7718333.642
PET-C,2012-01-04 23:54,1487820.276,-7739712.693
PET-C,2012-01-05 0:24,1481178.238,-7763285.395
PET-C,2012-01-05 0:54,1474385.524,-7786926.713
PET-C,2012-01-05 1:24,1467374.743,-7810647.981
PET-C,2012-01-05 1:54,1457196.45,-7835463.555
PET-C,2012-01-05 2:24,1446998.573,-7860286.634
PET-C,2012-01-05 2:54,1436032.757,-7883844.393
PET-C,2012-01-05 3:24,1421055.123,-7900608.894
PET-C,2012-01-05 3:54,1406063.911,-7917369.04
PET-C,2012-01-05 4:24,1391473.859,-7929634.689
PET-C,2012-01-05 4:54,1378181.755,-7927806.375
PET-C,2012-01-05 5:24,1364892.797,-7925974.195
PET-C,2012-01-05 5:54,1351183.471,-7928965.053
PET-C,2012-01-05 6:24,1336647.421,-7941320.967